,,,,,
1,กรงดักหนูสปริง2ตัวโครงหนา กรงดักหนู กรงดักหนูแบบมีโครง กรงดักหนูสปริงคู่,ตาของกรงแข็งเเรงทนทานและใช้งานได้นาน มีฐานและที่เกี่ยวอาหารใช้สำหรับดักสัตว์เล็กๆ เช่นหนู, 145.00 ,.webp,3
2,กรงดักหนู(สีขาว) ทนทาน มาตราฐานโรงงาน กรงดักหนู,กรงดักหนูมาตราฐานโรงงานประสบการณ์กว่า30ปีเหล็กนำเข้า สปริงหนา2ตัว ทนทาน แข็งแรง, 48.00 ,.webp,2
3,กล่องดักหนู อุปกรณ์ดักหนู ไม่ต้องใช้สารเคมีและไม่ต้องสัมผัส,"เป็นระบบอัตโนมัติ ใช้งานง่าย พียงใส่เหยื่อ (เนยถั่ว, ขนมปังฯลฯ) ลงในที่ถอดออกได้ช่องเปิดประตู", 159.00 ,.webp,2
4,กรงดักหนู จำลองรูหนู ให้หนูเหมือนกลับบ้านตัวเอง,ทนทาน ไม่สึกกร่อนและทนต่อการสึกหรอ การกัดของเมาส์ไม่เลว อายุการใช้งานยาวนานขึ้น สามารถใช้ได้ทั้งในร่มและกลางแจ้ง!, 184.00 ,.webp,2
5,ที่ดักหนู แบบสปริง อุปกรณ์ดักหนู เหยื่อดักหนู สารกำจัดหนู,ความไวสูงทําให้หนูไม่สามารถหลบหนีได้ ผลิตจากพลาสติกคุณภาพดี แข็งแรง ทนทาน ใช้งานซ้ำกันได้หลายครั้ง, 7.00 ,.webp,2
6,ไม่มีหนูตลอดไป เครื่องไล่หนู ที่ไล่หนูไฟฟ้า,ขับไล่ด้วยพลังคลื่นไฟฟ้า ระบบอัลตราโซนิก (Ultrasonic Wave) ซึ่งคลื่นมีผลต่อสัตว์ขนาดเล็ก โดยตรง โดยเฉพาะ พวกหนู , 56.00 ,.webp,2
7,กาวดักหนูแผ่นใหญ่ ที่ดักหนู ปลอดสารพิษและปลอดภัย กาวหนูมืออาชีพยี่ห้อเก่า 30 ปี กาวดักหนูถาด,กาวดักหนู แบบสำเร็จรูป เหนียวหนึบพิเศษ ติดทน ไม่ไหลเยิ้ม ปลอดสารพิษ ใช้งานง่าย เก็บได้นาน, 108.00 ,.webp,3
8,ที่ดักหนู กับดักหนู กับดักหนูบ้าน (สปริงดีด) 1 กล่อง 2 ชิ้น,วัสดุทำจากเหล็ก แข็งแรง ทนทาน เป็นกับดักที่เหมาะสมกับพื้นที่ที่ไม่สามารถใช้สารเคมี, 38.00 ,.webp,1
9,กับดักหนู กับตีหนู ขนาด 5 นิ้ว ได้ 10 อัน,กับดักหนู หนูนา หนูใหญ่ และสัตว์ที่ทีขนาดใกล้เคียง ทำจากเหล็กที่มีความแข็งแรง สปริงแข็ง เพิ่มพลังในการตี, 102.00 ,.webp,3
10,ฝาดักหนู ฝาถังดักหนู ถังดักหนู สําหรับหนูเจลลี่ ?ทนทาน กับดักหนู,ฝาดักหนูอัจฉริยะ ปลอดภัยไม่ต้องใช้กาวจับหนูอีกต่อไป ซึ่งช่วยแยกสารอันตรายออกจากกัน ปลอดภัยและถูกสุขลักษณะมากขึ้น, 58.00 ,.webp,1
11,แผ่นกาวดักหนู ยาว ขนาด 120CM กาว ดักหนูแผ่นใหญ่ ดักหนู,กาวดักหนูแผ่นใหญ่  ชนิดถาดสำเร็จรูปใช้สำหรับดักหนู ไม่มีพิษ ไม่มีกลิ่น ไม่แห้ง กาวเหนียวมาก เป็นชนิดถาดเหลี่ยมสำเร็จรูป, 24.00 ,.webp,2
12,กาวดักหนูพร้อมถาด K-RAT กับดักหนู ที่ดักหนูพร้อมถาด กาววิทยาศาสตร์,ใช้ดักหนู กาวอย่างเหนียว แถมถาดฟรี กาวสามารถใช้ได้นานจนกว่าจะหมดความเหนียว หรือต้องการเปลี่ยนใหม่, 20.00 ,.webp,2
,,,,,
,,,,,
,,,,,
,,,,,
,,,,,
,,,,,
